subreddit;id;title;score;num_comments;url
politics;1noqbhr;Charlie Kirk was a divisive far-right podcaster. Why is he being rebranded as a national hero?;15272;1473;https://www.theguardian.com/commentisfree/2025/sep/23/charlie-kirk-bigoted-far-right-podcaster
politics;1nok4av;Trump's big UN speech received with awkward laughter in embarrassing backfire;21628;1430;https://inews.co.uk/news/world/trumps-big-un-speech-received-with-awkward-laughter-in-embarrassing-backfire-3933958
politics;1nonj9g;Unlike other Dems, AOC refuses to join in whitewashing of Kirk;9590;419;https://www.peoplesworld.org/article/unlike-other-dems-aoc-refuses-to-join-in-whitewashing-of-charlie-kirk/
politics;1noifii;Trump cancels meeting with Democratic leaders ahead of government shutdown deadline;11088;944;https://www.cnn.com/2025/09/23/politics/trump-cancels-meeting-democrats-shutdown
politics;1nonmq2;Donald and Melania Trump get stuck on broken escalator at UN prompting rant to General Assembly;4649;459;https://www.the-independent.com/tv/news/donald-trump-un-broken-escalator-b2832112.html
politics;1nokc1y;Trump Is Running “the Most Corrupt Administration in U.S. History”;6497;186;https://newrepublic.com/article/200790/greg-casar-homan-trump-corruption
politics;1nofipg;"Nintendo Alerted After DHS Uses Pokémon to Promote ICE Raids | 
A video captioned “Gotta Catch ’Em All” spliced raid footage with Pokémon imagery, sparking calls for Nintendo to step in.";13855;699;https://www.thedailybeast.com/nintendo-alerted-after-dhs-uses-pokemon-to-promote-ice-raids-tearing-families-apart/
politics;1nogovl;Republican Physician Immediately Trashes Trump’s Autism Claim;9433;327;https://www.thedailybeast.com/republican-physician-immediately-trashes-trumps-autism-claim/
politics;1noh77y;Kamala Harris gives Zohran Mamdani a tepid endorsement: 'I endorse the Democrat in the race';8422;1960;https://www.nbcnews.com/politics/kamala-harris/kamala-harris-gives-zohran-mamdani-tepid-endorsement-endorse-democrat-rcna233135?cid=sm_npd_nn_tw_ma&taid=68d29b87945e7c000110f8c8&utm_campaign=trueanthem&utm_medium=social&utm_source=twitter
politics;1nokuz3;Scientist behind Trump’s Tylenol claims was paid to give evidence against drug maker;3356;148;https://www.thetimes.com/article/aa7fff5a-d267-440f-a544-a3cd75c33416
politics;1nohzb8;Mike Johnson’s Epstein Delay Tactic Is About to Blow Up in His Face;3999;162;https://newrepublic.com/post/200787/mike-johnson-epstein-bill-arizona-special-election?utm_source=Twitter&utm_campaign=SF_TNR&utm_medium=social&utm_term=Autofeed
politics;1nohnnj;Leavitt Busted Telling Untruths About Homan’s $50K Sting;4144;247;https://www.thedailybeast.com/karoline-leavitt-busted-telling-untruths-about-tom-homans-50k-sting/?09232025
politics;1nohfv5;Harris on Trump: ‘We’re dealing with a communist dictator’;3599;1062;https://thehill.com/homenews/campaign/5517232-kamala-harris-donald-trump-tyrant-private-sector/
politics;1nolfhq;Trump, Epstein Hold Hands In Statue Send-Up;1967;33;https://www.huffpost.com/entry/donald-trump-jeffrey-epstein-holding-hands-statue_n_68d2ba98e4b06a8b846e409a
politics;1nom0c8;Trump refuses to meet with ‘Radical Left Democrats’ Schumer and Jeffries. Republicans need them to avert a shutdown;1651;294;https://www.independent.co.uk/news/world/americas/us-politics/trump-democrats-government-shutdown-schumer-b2832047.html
politics;1nol7cl;Trump, 79, Whines About UN’s Escalator and Teleprompter in Bonkers Rant;1633;168;https://www.thedailybeast.com/trump-79-whines-about-uns-escalator-and-teleprompter-in-bonkers-rant/
politics;1nor308;Mysterious new statue of Epstein and Trump holding hands appears on the National Mall;796;30;https://www.independent.co.uk/news/world/americas/us-politics/epstein-trump-statue-national-mall-b2832122.html
politics;1nodtm5;UK Tells Patients ‘Don’t Pay Attention’ to Trump on Tylenol;3503;156;https://www.bloomberg.com/news/articles/2025-09-23/uk-tells-patients-don-t-pay-attention-to-trump-on-tylenol
politics;1noj5b0;She Fought the Far Right Online for Years. Now She Wants to Do It in Congress;1423;66;https://www.wired.com/story/kat-abughazaleh-youtuber-for-congress/
politics;1not5nj;Scientist behind Trump’s Tylenol claims was paid $150K to give evidence against drug maker;391;28;https://www.thetimes.com/us/american-politics/article/autism-scientist-tesitify-andrea-baccarelli-havard-aceraminophen-paracetamol-wvvzznhsf
PoliticalDiscussion;1nnuiew;Why is the government about to announce guidance tying prenatal Tylenol use to autism, a move reportedly championed by HHS Secretary Robert F. Kennedy Jr. ?;350;263;https://www.reddit.com/r/PoliticalDiscussion/comments/1nnuiew/why_is_the_government_about_to_announce_guidance/
PoliticalDiscussion;1nnpbbf;Why are American conservatives (Trump) so popular in Israel, whereas American Jews are predominantly Democrat?;253;142;https://www.reddit.com/r/PoliticalDiscussion/comments/1nnpbbf/why_are_american_conservatives_trump_so_popular/
PoliticalDiscussion;1noqumx;If Perot won 1992 and ran for re-election in 1996, would he do better if his two opponents were both extremists (e.g. Pat Buchanan and Ralph Nader) or would he do better if his opponents were both moderates (e.g. Colin Powell and Lloyd Bensten)?;0;3;https://www.reddit.com/r/PoliticalDiscussion/comments/1noqumx/if_perot_won_1992_and_ran_for_reelection_in_1996/
PoliticalDiscussion;1nn6k1v;Trump says the tariffs are working and the US is getting richer from it. Is that true?;279;385;https://www.reddit.com/r/PoliticalDiscussion/comments/1nn6k1v/trump_says_the_tariffs_are_working_and_the_us_is/
PoliticalDiscussion;1nohtk6;Will the Democratic Party be forced to adopt some anti-immigration policies to return to power?;0;43;https://www.reddit.com/r/PoliticalDiscussion/comments/1nohtk6/will_the_democratic_party_be_forced_to_adopt_some/
PoliticalDiscussion;1nmzepf;UK, Canada, and Australia formally recognize Palestine — what does this mean for global diplomacy?;70;202;https://www.reddit.com/r/PoliticalDiscussion/comments/1nmzepf/uk_canada_and_australia_formally_recognize/
PoliticalDiscussion;1no63e2;Would it be better for US President (or other World Leaders) to not tie themselves to a political party ?;0;5;https://www.reddit.com/r/PoliticalDiscussion/comments/1no63e2/would_it_be_better_for_us_president_or_other/
PoliticalDiscussion;1nnu2r8;Do you think Democrats should change their federal platform?;0;69;https://www.reddit.com/r/PoliticalDiscussion/comments/1nnu2r8/do_you_think_democrats_should_change_their/
PoliticalDiscussion;1nmo35z;Do oppressed groups have a duty, not just a right, to resist systemic threats, and if so, what methods are justified?;0;58;https://www.reddit.com/r/PoliticalDiscussion/comments/1nmo35z/do_oppressed_groups_have_a_duty_not_just_a_right/
PoliticalDiscussion;1nlal7x;Is using military force against suspected drug-trafficking boats constitutional or an overreach of presidential power?;133;275;https://www.reddit.com/r/PoliticalDiscussion/comments/1nlal7x/is_using_military_force_against_suspected/
PoliticalDiscussion;1nl6nez;What are your thoughts on the FCC's crackdown on Jimmy Kimmel, Stephen Colbert and free speech in general?;156;273;https://www.reddit.com/r/PoliticalDiscussion/comments/1nl6nez/what_are_your_thoughts_on_the_fccs_crackdown_on/
PoliticalDiscussion;1nl0uwa;When Putin came to power in the 2000s his administration critiqued a puppet show mocking politicians openly. 2 years later the puppet show was taken down, do you see parallels with the events we are currently on?;142;23;https://www.reddit.com/r/PoliticalDiscussion/comments/1nl0uwa/when_putin_came_to_power_in_the_2000s_his/
PoliticalDiscussion;1nl4px7;Do you think the majority of Americans aren't hyper-partisan/tribal, or has that ship sailed?;57;185;https://www.reddit.com/r/PoliticalDiscussion/comments/1nl4px7/do_you_think_the_majority_of_americans_arent/
PoliticalDiscussion;1nl71xy;Has US political support for Israel become a kind of cult, and how does Reagan’s 1982 diary entry highlight the difference between then and now?;45;66;https://www.reddit.com/r/PoliticalDiscussion/comments/1nl71xy/has_us_political_support_for_israel_become_a_kind/
PoliticalDiscussion;1nm2c8v;"What is ""fair"" for taxes?";0;215;https://www.reddit.com/r/PoliticalDiscussion/comments/1nm2c8v/what_is_fair_for_taxes/
PoliticalDiscussion;1nkroke;Current Leaders Of The Democratic Party?;78;198;https://www.reddit.com/r/PoliticalDiscussion/comments/1nkroke/current_leaders_of_the_democratic_party/
PoliticalDiscussion;1nkeu1q;Americas Reichstag fire?;334;392;https://www.reddit.com/r/PoliticalDiscussion/comments/1nkeu1q/americas_reichstag_fire/
PoliticalDiscussion;1nkwxla;What explains why personal storytelling might outperform data-heavy messaging in political advocacy?;9;21;https://www.reddit.com/r/PoliticalDiscussion/comments/1nkwxla/what_explains_why_personal_storytelling_might/
PoliticalDiscussion;1nk58ui;How did the Nazi regime censor satire, cabaret, and art — and what does that tell us about silencing political humor today?;74;29;https://www.reddit.com/r/PoliticalDiscussion/comments/1nk58ui/how_did_the_nazi_regime_censor_satire_cabaret_and/
PoliticalDiscussion;1nkdp4f;Are we in a new “Migration Period” that could reshape global politics?;21;42;https://www.reddit.com/r/PoliticalDiscussion/comments/1nkdp4f/are_we_in_a_new_migration_period_that_could/
worldnews;1nol5kb;China buys Argentine soybeans after tax drop, leaving US farmers sidelined;10743;655;https://www.reuters.com/world/china/chinese-buyers-book-least-10-argentine-soybean-cargoes-sources-say-2025-09-23/
worldnews;1noqred;Trump says he now believes Ukraine can win back all territory lost to Russia with NATO’s help;3203;419;https://apnews.com/article/russia-ukraine-war-un-zelenskyy-trump-f28942b3915e40226654548bb3ee7919
worldnews;1nocisz;Pope Leo refuses to authorise an AI Pope and declares the technology 'an empty, cold shell that will do great damage to what humanity is about';55791;1302;https://www.pcgamer.com/software/ai/pope-leo-refuses-to-authorise-an-ai-pope-and-declares-the-technology-an-empty-cold-shell-that-will-do-great-damage-to-what-humanity-is-about/
worldnews;1noek1c;NATO Nation Ready To Shoot Down Russian Planes;7431;216;https://www.newsweek.com/nato-nation-ready-shoot-down-russian-planes-10474064
worldnews;1nogtu3;Russia Link Possible in ‘Serious Attack’ on NATO’s Denmark;4929;170;https://www.newsweek.com/nato-denmark-drones-russia-copenhagen-airport-10473830?utm_source=reddit&utm_campaign=reddit_influencers
worldnews;1noirpx;Canada Hopes Trump’s $100,000 Visa Fee Redirects Talent North;3438;336;https://www.bloomberg.com/news/articles/2025-09-23/h-1b-visa-canada-hopes-trump-s-100-000-fee-redirects-talent-north
worldnews;1nojeco;Trump blasts the UN for not 'living up' to its potential;2170;489;https://www.politico.com/news/2025/09/23/trump-blasts-un-peacemaking-00576177
worldnews;1noe5eu;China to launch K-Visa for global talent as US slaps $100,000 H-1B fee;4283;483;https://www.business-standard.com/immigration/china-to-launch-k-visa-for-global-talent-as-us-slaps-100-000-h-1b-fee-125092300264_1.html
worldnews;1nonl13;Russia Link Possible in ‘Serious Attack’ on NATO’s Denmark;1101;54;https://www.newsweek.com/nato-denmark-drones-russia-copenhagen-airport-10473830?utm_source=reddit&utm_campaign=reddit_main
worldnews;1nohd5u;'Suicides and suffocation' — Russia sends troops into gas pipelines to bypass Ukrainian defenses;1844;115;https://kyivindependent.com/deadly-but-effective-why-russia-sends-soldiers-to-gas-pipeline-tunnels-in-ukraine/
worldnews;1noeim2;Rodrigo Duterte, former Philippines president, charged with crimes against humanity at ICC;2205;65;https://www.theguardian.com/world/2025/sep/23/rodrigo-duterte-charged-crimes-against-humanity-icc-philippines-ntwnfb
worldnews;1nojabx;There will be no Palestinian State Netanyahu's big warning to UK Canada Australia after Palestine recognition;947;224;https://www.hindustantimes.com/world-news/there-will-be-no-palestinian-state-netanyahus-warning-to-uk-canada-and-australia-after-move-to-recognise-palestine-101758492993158.html
worldnews;1noqbie;NATO will not shoot down Russian planes: Rubio outlines conditions;391;192;https://unn.ua/en/news/nato-will-not-shoot-down-russian-planes-rubio-outlines-conditions
worldnews;1no28ha;Poland to Russia: ‘You have been warned’ so don’t ‘whine’ if your jets are shot down in NATO airspace;25753;496;https://www.politico.eu/article/radoslaw-sikorski-poland-russia-un-security-council-nato/
worldnews;1nodidy;Ukrainian drones attacked Moscow throughout the night, mayor says;1631;72;https://kyivindependent.com/ukrainian-drones-attacked-moscow-throughout-the-night-mayor-says/
worldnews;1nob2cp;Germany’s €80B rearmament plan sidelines US weapons;2611;243;https://www.politico.eu/article/germanys-defense-donald-trump-air-defense-washington-us-weapons/
worldnews;1nog25t;Canada may face ‘punitive measures’ for recognizing Palestinian state: U.S. Republicans;1016;314;https://nationalpost.com/news/canada-may-face-punitive-measures-for-recognizing-palestinian-state-u-s-republicans
worldnews;1noj4wd;'We'll leave you to rot' — UN report details horrific torture of Ukrainian civilians in Russian captivity;591;11;https://kyivindependent.com/un-report-details-horrific-torture-of-ukrainian-civilians-in-russian-captivity/
worldnews;1no3wn7;Drones detected in Denmark and Norway, airport closed and arrests made;6468;223;https://newsukraine.rbc.ua/news/drones-detected-in-denmark-and-norway-airport-1758575866.html
worldnews;1noneuq;Trump slams UN, Europe and immigration in the UN General Assembly speech;256;165;https://www.batimes.com.ar/news/world/trump-slams-united-nations-in-critical-rambling-general-assembly-speech.phtml
